Domain name;Price;Keywords;Quality & Special Features
2121st.com;299;short, brandable, premium, memorable, versatile;Short, premium domain with high brandability. Memorable and versatile for multiple industries. Strong type-in traffic potential and excellent for brand building.
2121st.info;150;short, brandable, premium, memorable, versatile;Short, premium domain with high brandability. Memorable and versatile for multiple industries. Strong type-in traffic potential and excellent for brand building.
aidatagarden.com;499;AI, data, artificial-intelligence, automation, tech;High-value AI domain for data services. Trending sector with massive growth potential. Perfect for AI consultancies, machine learning platforms, and automated trading systems.
aimukaab.com;;Mukaab, Riyadh, cube, landmark, luxury;Premium geo-domain for The Mukaab - world's largest building (400m cube) in Riyadh's New Murabba. $48B project creating 334K jobs by 2030. Perfect for luxury real estate, hospitality, and construction sectors.
aimurabba.com;1200;Murabba, Riyadh, downtown, modern, development;High-value geo-domain for New Murabba - Riyadh's $48B modern downtown (19 sq km). Vision 2030 flagship project with 104K residential units. Ideal for real estate, urban planning, and business ventures.
aitelosa.com;9000;Telosa, smart-city, sustainable, desert, innovation;Exclusive geo-domain for planned $400B Telosa smart city in Nevada/Utah/Arizona. Marc Lore's utopian project targeting 5M residents. High-value for PropTech, sustainability, and urban planning ventures.
aivcoding.com;1100;brandable, business, commercial, versatile, digital;Generic commercial domain with moderate brandability. Suitable for various business applications. Decent potential for digital marketing and online presence.
al-ula.xyz;999;AlUla, heritage, tourism, UNESCO, culture;Premium geo-domain for AlUla - Saudi Arabia's heritage tourism hub targeting $31.9B GDP contribution by 2035. UNESCO World Heritage site with French development partnership. Strong potential for tourism and hospitality sectors.
alonecoder.com;999;coding, programming, development, software, tech;Developer-focused domain with strong tech appeal. Perfect for coding bootcamps, software development agencies, and programming platforms. High search volume in growing tech education market.
americaepay.com;3000;america, payment, fintech, digital, commerce;Premium fintech domain for America digital payments. Short, brandable format ideal for payment processors, digital wallets, and e-commerce platforms. Strong commercial potential in growing fintech market.
asasly.com;1500;short, brandable, premium, memorable, versatile;Short, premium domain with high brandability. Memorable and versatile for multiple industries. Strong type-in traffic potential and excellent for brand building.
asgoldmine.com;150;brandable, business, commercial, versatile, digital;Generic commercial domain with moderate brandability. Suitable for various business applications. Decent potential for digital marketing and online presence.
asir.today;1100;short, brandable, premium, memorable, versatile;Short, premium domain with high brandability. Memorable and versatile for multiple industries. Strong type-in traffic potential and excellent for brand building.
askirk.com;299;short, brandable, premium, memorable, versatile;Short, premium domain with high brandability. Memorable and versatile for multiple industries. Strong type-in traffic potential and excellent for brand building.
australiaepay.com;3000;australia, payment, fintech, digital, commerce;Premium fintech domain for Australia digital payments. Short, brandable format ideal for payment processors, digital wallets, and e-commerce platforms. Strong commercial potential in growing fintech market.
autospinners.com;200;automotive, cars, auto, vehicles, transport;Automotive industry domain with broad commercial appeal. Ideal for car dealerships, auto services, and vehicle marketplaces. Strong keyword match for auto-related searches.
babcockranch.xyz;500;Babcock-Ranch, Florida, solar, sustainable, community;Niche geo-domain for Babcock Ranch - America's first solar-powered town in Florida. Sustainable living pioneer with 19K planned homes. Excellent for renewable energy and eco-friendly real estate ventures.
biodivercity.xyz;500;sustainability, eco-friendly, green, environment, bio;ESG-focused domain tapping into sustainability trends. Perfect for green tech startups, environmental consulting, and eco-friendly product platforms.
businessmanadvisor.com;2000;business, consulting, advice, management, corporate;Professional business domain with broad commercial appeal. Ideal for consulting firms, business advisory services, and corporate training platforms. Strong keyword match potential.
canadaepay.com;3000;canada, payment, fintech, digital, commerce;Premium fintech domain for Canada digital payments. Short, brandable format ideal for payment processors, digital wallets, and e-commerce platforms. Strong commercial potential in growing fintech market.
clermontfd.com;;Clermont-Ferrand, France, Auvergne, industrial, tire;European geo-domain for Clermont-Ferrand - French industrial city (population 395K). Michelin headquarters and major university center. Good for industrial, automotive, and education-related businesses.
clermontferrand.online;300;Clermont-Ferrand, France, Auvergne, industrial, tire;European geo-domain for Clermont-Ferrand - French industrial city (population 395K). Michelin headquarters and major university center. Good for industrial, automotive, and education-related businesses.
clermontferrand.store;500;Clermont-Ferrand, France, Auvergne, industrial, tire;European geo-domain for Clermont-Ferrand - French industrial city (population 395K). Michelin headquarters and major university center. Good for industrial, automotive, and education-related businesses.
clotheom.com;1000;brandable, business, commercial, versatile, digital;Generic commercial domain with moderate brandability. Suitable for various business applications. Decent potential for digital marketing and online presence.
clubpillow.com;150;club, membership, community, exclusive, social;Community-focused domain with membership model potential. Perfect for exclusive communities, subscription services, and social platforms. Strong brandability factor.
clubprinces.com;499;club, membership, community, exclusive, social;Community-focused domain with membership model potential. Perfect for exclusive communities, subscription services, and social platforms. Strong brandability factor.
codedenmark.com;499;coding, programming, development, software, tech;Developer-focused domain with strong tech appeal. Perfect for coding bootcamps, software development agencies, and programming platforms. High search volume in growing tech education market.
codeforking.com;499;coding, programming, development, software, tech;Developer-focused domain with strong tech appeal. Perfect for coding bootcamps, software development agencies, and programming platforms. High search volume in growing tech education market.
commerceneom.com;12000;NEOM, smart-city, Saudi, futuristic, megaproject;Premium geo-domain for NEOM ($500B Saudi megacity on Red Sea coast). Strong investment appeal with Oxagon industrial hub ($9.3B contracts), The Line linear city, and Vision 2030 alignment. Excellent brandability for tech/real estate ventures.
comneom.com;15000;NEOM, smart-city, Saudi, futuristic, megaproject;Premium geo-domain for NEOM ($500B Saudi megacity on Red Sea coast). Strong investment appeal with Oxagon industrial hub ($9.3B contracts), The Line linear city, and Vision 2030 alignment. Excellent brandability for tech/real estate ventures.
cryptoconsultai.com;999;AI, consulting, artificial-intelligence, automation, tech;High-value AI domain for consulting services. Trending sector with massive growth potential. Perfect for AI consultancies, machine learning platforms, and automated trading systems.
daily-blogs.com;1000;blog, content, news, daily, publishing;Content-focused domain with publishing potential. Ideal for news sites, content marketing platforms, and digital magazines. Good SEO value with daily content strategy.
dataconsultai.com;999;AI, consulting, artificial-intelligence, automation, tech;High-value AI domain for consulting services. Trending sector with massive growth potential. Perfect for AI consultancies, machine learning platforms, and automated trading systems.
dataconsultingai.com;500;AI, consulting, artificial-intelligence, automation, tech;High-value AI domain for consulting services. Trending sector with massive growth potential. Perfect for AI consultancies, machine learning platforms, and automated trading systems.
domainepoch.com;500;domain, web, digital, hosting, internet;Meta domain industry domain with niche appeal. Perfect for domain marketplaces, web hosting services, and digital asset platforms. Strong industry-specific value.
dzairepay.com;3000;payment, fintech, digital, e-commerce, financial;Generic payment processing domain with strong commercial appeal. Perfect for fintech startups, payment gateways, and digital commerce platforms. High search volume potential.
emiratesecosystem.com;999;sustainability, eco-friendly, green, environment, bio;ESG-focused domain tapping into sustainability trends. Perfect for green tech startups, environmental consulting, and eco-friendly product platforms.
emiratesepay.com;5000;emirates, payment, fintech, digital, commerce;Premium fintech domain for Emirates digital payments. Short, brandable format ideal for payment processors, digital wallets, and e-commerce platforms. Strong commercial potential in growing fintech market.
evoteai.com;;brandable, business, commercial, versatile, digital;Generic commercial domain with moderate brandability. Suitable for various business applications. Decent potential for digital marketing and online presence.
flaxq.com;1500;short, brandable, premium, memorable, versatile;Short, premium domain with high brandability. Memorable and versatile for multiple industries. Strong type-in traffic potential and excellent for brand building.
forexconsultai.com;999;AI, consulting, artificial-intelligence, automation, tech;High-value AI domain for consulting services. Trending sector with massive growth potential. Perfect for AI consultancies, machine learning platforms, and automated trading systems.
franceepay.com;3200;france, payment, fintech, digital, commerce;Premium fintech domain for France digital payments. Short, brandable format ideal for payment processors, digital wallets, and e-commerce platforms. Strong commercial potential in growing fintech market.
francestate.com;1500;brandable, business, commercial, versatile, digital;Generic commercial domain with moderate brandability. Suitable for various business applications. Decent potential for digital marketing and online presence.
fxneom.com;1500;NEOM, smart-city, Saudi, futuristic, megaproject;Premium geo-domain for NEOM ($500B Saudi megacity on Red Sea coast). Strong investment appeal with Oxagon industrial hub ($9.3B contracts), The Line linear city, and Vision 2030 alignment. Excellent brandability for tech/real estate ventures.
hirecaremirates.com;1600;hire, car-rental, Emirates, rental, marketplace;Premium service domain for car-rental in Emirates. Location-specific advantage with high commercial value. Excellent for local marketplace and booking platforms.
hirecarnyc.com;2700;hire, car-rental, NYC, rental, marketplace;Premium service domain for car-rental in NYC. Location-specific advantage with high commercial value. Excellent for local marketplace and booking platforms.
hirecarparis.com;2800;hire, car-rental, Paris, rental, marketplace;Premium service domain for car-rental in Paris. Location-specific advantage with high commercial value. Excellent for local marketplace and booking platforms.
hirecarsaudi.com;999;hire, car-rental, general, rental, marketplace;Generic service domain for car-rental hiring platforms. Strong commercial appeal for rental marketplaces and service aggregators.
hirecarspain.com;1600;hire, car-rental, general, rental, marketplace;Generic service domain for car-rental hiring platforms. Strong commercial appeal for rental marketplaces and service aggregators.
hireemirates.com;2700;brandable, business, commercial, versatile, digital;Generic commercial domain with moderate brandability. Suitable for various business applications. Decent potential for digital marketing and online presence.
hireinneom.com;12000;NEOM, smart-city, Saudi, futuristic, megaproject;Premium geo-domain for NEOM ($500B Saudi megacity on Red Sea coast). Strong investment appeal with Oxagon industrial hub ($9.3B contracts), The Line linear city, and Vision 2030 alignment. Excellent brandability for tech/real estate ventures.
imukaab.com;;Mukaab, Riyadh, cube, landmark, luxury;Premium geo-domain for The Mukaab - world's largest building (400m cube) in Riyadh's New Murabba. $48B project creating 334K jobs by 2030. Perfect for luxury real estate, hospitality, and construction sectors.
infroxa.com;999;brandable, business, commercial, versatile, digital;Generic commercial domain with moderate brandability. Suitable for various business applications. Decent potential for digital marketing and online presence.
investinapi.com;2000;investment, finance, capital, fund, wealth;High-value finance domain with institutional appeal. Perfect for investment firms, capital management, and wealth advisory services. Strong trust factor for financial services.
investinly.com;2400;investment, finance, capital, fund, wealth;High-value finance domain with institutional appeal. Perfect for investment firms, capital management, and wealth advisory services. Strong trust factor for financial services.
irelandbiz.com;999;brandable, business, commercial, versatile, digital;Generic commercial domain with moderate brandability. Suitable for various business applications. Decent potential for digital marketing and online presence.
italyepay.com;5000;payment, fintech, digital, e-commerce, financial;Generic payment processing domain with strong commercial appeal. Perfect for fintech startups, payment gateways, and digital commerce platforms. High search volume potential.
itelosa.com;12000;Telosa, smart-city, sustainable, desert, innovation;Exclusive geo-domain for planned $400B Telosa smart city in Nevada/Utah/Arizona. Marc Lore's utopian project targeting 5M residents. High-value for PropTech, sustainability, and urban planning ventures.
itryu.com;200;short, brandable, premium, memorable, versatile;Short, premium domain with high brandability. Memorable and versatile for multiple industries. Strong type-in traffic potential and excellent for brand building.
ivocally.com;1500;brandable, business, commercial, versatile, digital;Generic commercial domain with moderate brandability. Suitable for various business applications. Decent potential for digital marketing and online presence.
ivoicely.com;1500;brandable, business, commercial, versatile, digital;Generic commercial domain with moderate brandability. Suitable for various business applications. Decent potential for digital marketing and online presence.
kaig.xyz;500;short, brandable, premium, memorable, versatile;Short, premium domain with high brandability. Memorable and versatile for multiple industries. Strong type-in traffic potential and excellent for brand building.
kingabdullahgardens.com;1500;brandable, business, commercial, versatile, digital;Generic commercial domain with moderate brandability. Suitable for various business applications. Decent potential for digital marketing and online presence.
knowledgeeconomiccity.xyz;500;sustainability, eco-friendly, green, environment, bio;ESG-focused domain tapping into sustainability trends. Perfect for green tech startups, environmental consulting, and eco-friendly product platforms.
maldivesfloatingcity.xyz;500;alternative-TLD, niche, specific, targeted, affordable;Alternative TLD domain with niche appeal. Cost-effective option for specific use cases. Good for targeted marketing campaigns and specialized projects.
marafy.xyz;500;short, brandable, premium, memorable, versatile;Short, premium domain with high brandability. Memorable and versatile for multiple industries. Strong type-in traffic potential and excellent for brand building.
marafy.store;1000;e-commerce, retail, shopping, store, online;E-commerce focused domain with retail appeal. Perfect for online stores, marketplaces, and retail platforms. Strong commercial potential in growing online shopping market.
marafy.pro;1500;brandable, business, commercial, versatile, digital;Generic commercial domain with moderate brandability. Suitable for various business applications. Decent potential for digital marketing and online presence.
masdarcity.xyz;500;alternative-TLD, niche, specific, targeted, affordable;Alternative TLD domain with niche appeal. Cost-effective option for specific use cases. Good for targeted marketing campaigns and specialized projects.
mexicoepay.com;3000;payment, fintech, digital, e-commerce, financial;Generic payment processing domain with strong commercial appeal. Perfect for fintech startups, payment gateways, and digital commerce platforms. High search volume potential.
monlyst.com;500;brandable, business, commercial, versatile, digital;Generic commercial domain with moderate brandability. Suitable for various business applications. Decent potential for digital marketing and online presence.
moroccoepay.com;3000;payment, fintech, digital, e-commerce, financial;Generic payment processing domain with strong commercial appeal. Perfect for fintech startups, payment gateways, and digital commerce platforms. High search volume potential.
mukaabhr.com;900;Mukaab, Riyadh, cube, landmark, luxury;Premium geo-domain for The Mukaab - world's largest building (400m cube) in Riyadh's New Murabba. $48B project creating 334K jobs by 2030. Perfect for luxury real estate, hospitality, and construction sectors.
mukaabtech.com;1500;Mukaab, Riyadh, cube, landmark, luxury;Premium geo-domain for The Mukaab - world's largest building (400m cube) in Riyadh's New Murabba. $48B project creating 334K jobs by 2030. Perfect for luxury real estate, hospitality, and construction sectors.
murabba.io;;Murabba, Riyadh, downtown, modern, development;High-value geo-domain for New Murabba - Riyadh's $48B modern downtown (19 sq km). Vision 2030 flagship project with 104K residential units. Ideal for real estate, urban planning, and business ventures.
neomaischool.com;11000;NEOM, smart-city, Saudi, futuristic, megaproject;Premium geo-domain for NEOM ($500B Saudi megacity on Red Sea coast). Strong investment appeal with Oxagon industrial hub ($9.3B contracts), The Line linear city, and Vision 2030 alignment. Excellent brandability for tech/real estate ventures.
neombrandify.com;6000;NEOM, smart-city, Saudi, futuristic, megaproject;Premium geo-domain for NEOM ($500B Saudi megacity on Red Sea coast). Strong investment appeal with Oxagon industrial hub ($9.3B contracts), The Line linear city, and Vision 2030 alignment. Excellent brandability for tech/real estate ventures.
neomcarz.com;15000;NEOM, smart-city, Saudi, futuristic, megaproject;Premium geo-domain for NEOM ($500B Saudi megacity on Red Sea coast). Strong investment appeal with Oxagon industrial hub ($9.3B contracts), The Line linear city, and Vision 2030 alignment. Excellent brandability for tech/real estate ventures.
neomecom.com;50000;NEOM, smart-city, Saudi, futuristic, megaproject;Premium geo-domain for NEOM ($500B Saudi megacity on Red Sea coast). Strong investment appeal with Oxagon industrial hub ($9.3B contracts), The Line linear city, and Vision 2030 alignment. Excellent brandability for tech/real estate ventures.
neomedu.com;3500;NEOM, smart-city, Saudi, futuristic, megaproject;Premium geo-domain for NEOM ($500B Saudi megacity on Red Sea coast). Strong investment appeal with Oxagon industrial hub ($9.3B contracts), The Line linear city, and Vision 2030 alignment. Excellent brandability for tech/real estate ventures.
neomexportimport.com;9000;NEOM, smart-city, Saudi, futuristic, megaproject;Premium geo-domain for NEOM ($500B Saudi megacity on Red Sea coast). Strong investment appeal with Oxagon industrial hub ($9.3B contracts), The Line linear city, and Vision 2030 alignment. Excellent brandability for tech/real estate ventures.
neomhomz.com;8000;NEOM, smart-city, Saudi, futuristic, megaproject;Premium geo-domain for NEOM ($500B Saudi megacity on Red Sea coast). Strong investment appeal with Oxagon industrial hub ($9.3B contracts), The Line linear city, and Vision 2030 alignment. Excellent brandability for tech/real estate ventures.
neominvestin.com;10000;NEOM, smart-city, Saudi, futuristic, megaproject;Premium geo-domain for NEOM ($500B Saudi megacity on Red Sea coast). Strong investment appeal with Oxagon industrial hub ($9.3B contracts), The Line linear city, and Vision 2030 alignment. Excellent brandability for tech/real estate ventures.
neomirr.com;6000;NEOM, smart-city, Saudi, futuristic, megaproject;Premium geo-domain for NEOM ($500B Saudi megacity on Red Sea coast). Strong investment appeal with Oxagon industrial hub ($9.3B contracts), The Line linear city, and Vision 2030 alignment. Excellent brandability for tech/real estate ventures.
neomity.com;1200;NEOM, smart-city, Saudi, futuristic, megaproject;Premium geo-domain for NEOM ($500B Saudi megacity on Red Sea coast). Strong investment appeal with Oxagon industrial hub ($9.3B contracts), The Line linear city, and Vision 2030 alignment. Excellent brandability for tech/real estate ventures.
neomjobly.com;6000;NEOM, smart-city, Saudi, futuristic, megaproject;Premium geo-domain for NEOM ($500B Saudi megacity on Red Sea coast). Strong investment appeal with Oxagon industrial hub ($9.3B contracts), The Line linear city, and Vision 2030 alignment. Excellent brandability for tech/real estate ventures.
neomjobz.com;6000;NEOM, smart-city, Saudi, futuristic, megaproject;Premium geo-domain for NEOM ($500B Saudi megacity on Red Sea coast). Strong investment appeal with Oxagon industrial hub ($9.3B contracts), The Line linear city, and Vision 2030 alignment. Excellent brandability for tech/real estate ventures.
neomlogi.com;14000;NEOM, smart-city, Saudi, futuristic, megaproject;Premium geo-domain for NEOM ($500B Saudi megacity on Red Sea coast). Strong investment appeal with Oxagon industrial hub ($9.3B contracts), The Line linear city, and Vision 2030 alignment. Excellent brandability for tech/real estate ventures.
neomopt.com;;NEOM, smart-city, Saudi, futuristic, megaproject;Premium geo-domain for NEOM ($500B Saudi megacity on Red Sea coast). Strong investment appeal with Oxagon industrial hub ($9.3B contracts), The Line linear city, and Vision 2030 alignment. Excellent brandability for tech/real estate ventures.
neomorg.com;1800;NEOM, smart-city, Saudi, futuristic, megaproject;Premium geo-domain for NEOM ($500B Saudi megacity on Red Sea coast). Strong investment appeal with Oxagon industrial hub ($9.3B contracts), The Line linear city, and Vision 2030 alignment. Excellent brandability for tech/real estate ventures.
neompool.com;10000;NEOM, smart-city, Saudi, futuristic, megaproject;Premium geo-domain for NEOM ($500B Saudi megacity on Red Sea coast). Strong investment appeal with Oxagon industrial hub ($9.3B contracts), The Line linear city, and Vision 2030 alignment. Excellent brandability for tech/real estate ventures.
neomsaas.com;50000;NEOM, smart-city, Saudi, futuristic, megaproject;Premium geo-domain for NEOM ($500B Saudi megacity on Red Sea coast). Strong investment appeal with Oxagon industrial hub ($9.3B contracts), The Line linear city, and Vision 2030 alignment. Excellent brandability for tech/real estate ventures.
neomsol.com;;NEOM, smart-city, Saudi, futuristic, megaproject;Premium geo-domain for NEOM ($500B Saudi megacity on Red Sea coast). Strong investment appeal with Oxagon industrial hub ($9.3B contracts), The Line linear city, and Vision 2030 alignment. Excellent brandability for tech/real estate ventures.
neomstage.com;1500;NEOM, smart-city, Saudi, futuristic, megaproject;Premium geo-domain for NEOM ($500B Saudi megacity on Red Sea coast). Strong investment appeal with Oxagon industrial hub ($9.3B contracts), The Line linear city, and Vision 2030 alignment. Excellent brandability for tech/real estate ventures.
neomtransports.com;9000;NEOM, smart-city, Saudi, futuristic, megaproject;Premium geo-domain for NEOM ($500B Saudi megacity on Red Sea coast). Strong investment appeal with Oxagon industrial hub ($9.3B contracts), The Line linear city, and Vision 2030 alignment. Excellent brandability for tech/real estate ventures.
neomuniv.com;20000;NEOM, smart-city, Saudi, futuristic, megaproject;Premium geo-domain for NEOM ($500B Saudi megacity on Red Sea coast). Strong investment appeal with Oxagon industrial hub ($9.3B contracts), The Line linear city, and Vision 2030 alignment. Excellent brandability for tech/real estate ventures.
neomurb.com;1200;NEOM, smart-city, Saudi, futuristic, megaproject;Premium geo-domain for NEOM ($500B Saudi megacity on Red Sea coast). Strong investment appeal with Oxagon industrial hub ($9.3B contracts), The Line linear city, and Vision 2030 alignment. Excellent brandability for tech/real estate ventures.
neomvent.com;1200;NEOM, smart-city, Saudi, futuristic, megaproject;Premium geo-domain for NEOM ($500B Saudi megacity on Red Sea coast). Strong investment appeal with Oxagon industrial hub ($9.3B contracts), The Line linear city, and Vision 2030 alignment. Excellent brandability for tech/real estate ventures.
neovcode.com;999;coding, programming, development, software, tech;Developer-focused domain with strong tech appeal. Perfect for coding bootcamps, software development agencies, and programming platforms. High search volume in growing tech education market.
neovz.com;1200;short, brandable, premium, memorable, versatile;Short, premium domain with high brandability. Memorable and versatile for multiple industries. Strong type-in traffic potential and excellent for brand building.
newmurabba.ai;300000;Murabba, Riyadh, downtown, modern, development;High-value geo-domain for New Murabba - Riyadh's $48B modern downtown (19 sq km). Vision 2030 flagship project with 104K residential units. Ideal for real estate, urban planning, and business ventures.
notexr.com;1200;short, brandable, premium, memorable, versatile;Short, premium domain with high brandability. Memorable and versatile for multiple industries. Strong type-in traffic potential and excellent for brand building.
ocatgoninvest.com;999;investment, finance, capital, fund, wealth;High-value finance domain with institutional appeal. Perfect for investment firms, capital management, and wealth advisory services. Strong trust factor for financial services.
oceanixbusan.xyz;200;alternative-TLD, niche, specific, targeted, affordable;Alternative TLD domain with niche appeal. Cost-effective option for specific use cases. Good for targeted marketing campaigns and specialized projects.
ontariobiz.com;999;brandable, business, commercial, versatile, digital;Generic commercial domain with moderate brandability. Suitable for various business applications. Decent potential for digital marketing and online presence.
oxagate.com;1999;brandable, business, commercial, versatile, digital;Generic commercial domain with moderate brandability. Suitable for various business applications. Decent potential for digital marketing and online presence.
oxagon.today;4000;Oxagon, industrial, NEOM, manufacturing, tech;Specialized geo-domain for Oxagon - NEOM's $9.3B industrial city on Red Sea. World's largest floating industrial complex with AI and robotics focus. Perfect for manufacturing, logistics, and industrial tech ventures.
oxagonanalytics.com;20000;Oxagon, industrial, NEOM, manufacturing, tech;Specialized geo-domain for Oxagon - NEOM's $9.3B industrial city on Red Sea. World's largest floating industrial complex with AI and robotics focus. Perfect for manufacturing, logistics, and industrial tech ventures.
oxagonapp.com;50000;Oxagon, industrial, NEOM, manufacturing, tech;Specialized geo-domain for Oxagon - NEOM's $9.3B industrial city on Red Sea. World's largest floating industrial complex with AI and robotics focus. Perfect for manufacturing, logistics, and industrial tech ventures.
oxagonaviation.com;10000;Oxagon, industrial, NEOM, manufacturing, tech;Specialized geo-domain for Oxagon - NEOM's $9.3B industrial city on Red Sea. World's largest floating industrial complex with AI and robotics focus. Perfect for manufacturing, logistics, and industrial tech ventures.
oxagonboats.com;15000;Oxagon, industrial, NEOM, manufacturing, tech;Specialized geo-domain for Oxagon - NEOM's $9.3B industrial city on Red Sea. World's largest floating industrial complex with AI and robotics focus. Perfect for manufacturing, logistics, and industrial tech ventures.
oxagoncare.com;30000;Oxagon, industrial, NEOM, manufacturing, tech;Specialized geo-domain for Oxagon - NEOM's $9.3B industrial city on Red Sea. World's largest floating industrial complex with AI and robotics focus. Perfect for manufacturing, logistics, and industrial tech ventures.
oxagoncars.com;50000;Oxagon, industrial, NEOM, manufacturing, tech;Specialized geo-domain for Oxagon - NEOM's $9.3B industrial city on Red Sea. World's largest floating industrial complex with AI and robotics focus. Perfect for manufacturing, logistics, and industrial tech ventures.
oxagoncarz.com;10000;Oxagon, industrial, NEOM, manufacturing, tech;Specialized geo-domain for Oxagon - NEOM's $9.3B industrial city on Red Sea. World's largest floating industrial complex with AI and robotics focus. Perfect for manufacturing, logistics, and industrial tech ventures.
oxagoneat.com;25000;Oxagon, industrial, NEOM, manufacturing, tech;Specialized geo-domain for Oxagon - NEOM's $9.3B industrial city on Red Sea. World's largest floating industrial complex with AI and robotics focus. Perfect for manufacturing, logistics, and industrial tech ventures.
oxagonecom.com;30000;Oxagon, industrial, NEOM, manufacturing, tech;Specialized geo-domain for Oxagon - NEOM's $9.3B industrial city on Red Sea. World's largest floating industrial complex with AI and robotics focus. Perfect for manufacturing, logistics, and industrial tech ventures.
oxagonestate.com;2200;Oxagon, industrial, NEOM, manufacturing, tech;Specialized geo-domain for Oxagon - NEOM's $9.3B industrial city on Red Sea. World's largest floating industrial complex with AI and robotics focus. Perfect for manufacturing, logistics, and industrial tech ventures.
oxagonfloat.com;5000;Oxagon, industrial, NEOM, manufacturing, tech;Specialized geo-domain for Oxagon - NEOM's $9.3B industrial city on Red Sea. World's largest floating industrial complex with AI and robotics focus. Perfect for manufacturing, logistics, and industrial tech ventures.
oxagonhr.com;20000;Oxagon, industrial, NEOM, manufacturing, tech;Specialized geo-domain for Oxagon - NEOM's $9.3B industrial city on Red Sea. World's largest floating industrial complex with AI and robotics focus. Perfect for manufacturing, logistics, and industrial tech ventures.
oxagonindustry.com;12000;Oxagon, industrial, NEOM, manufacturing, tech;Specialized geo-domain for Oxagon - NEOM's $9.3B industrial city on Red Sea. World's largest floating industrial complex with AI and robotics focus. Perfect for manufacturing, logistics, and industrial tech ventures.
oxagoninnovate.com;15000;Oxagon, industrial, NEOM, manufacturing, tech;Specialized geo-domain for Oxagon - NEOM's $9.3B industrial city on Red Sea. World's largest floating industrial complex with AI and robotics focus. Perfect for manufacturing, logistics, and industrial tech ventures.
oxagoninvest.com;20000;Oxagon, industrial, NEOM, manufacturing, tech;Specialized geo-domain for Oxagon - NEOM's $9.3B industrial city on Red Sea. World's largest floating industrial complex with AI and robotics focus. Perfect for manufacturing, logistics, and industrial tech ventures.
oxagonjobz.com;5000;Oxagon, industrial, NEOM, manufacturing, tech;Specialized geo-domain for Oxagon - NEOM's $9.3B industrial city on Red Sea. World's largest floating industrial complex with AI and robotics focus. Perfect for manufacturing, logistics, and industrial tech ventures.
oxagonnetwork.com;13000;Oxagon, industrial, NEOM, manufacturing, tech;Specialized geo-domain for Oxagon - NEOM's $9.3B industrial city on Red Sea. World's largest floating industrial complex with AI and robotics focus. Perfect for manufacturing, logistics, and industrial tech ventures.
oxagonpro.com;9000;Oxagon, industrial, NEOM, manufacturing, tech;Specialized geo-domain for Oxagon - NEOM's $9.3B industrial city on Red Sea. World's largest floating industrial complex with AI and robotics focus. Perfect for manufacturing, logistics, and industrial tech ventures.
oxagonre.com;4500;Oxagon, industrial, NEOM, manufacturing, tech;Specialized geo-domain for Oxagon - NEOM's $9.3B industrial city on Red Sea. World's largest floating industrial complex with AI and robotics focus. Perfect for manufacturing, logistics, and industrial tech ventures.
oxagonrent.com;12000;Oxagon, industrial, NEOM, manufacturing, tech;Specialized geo-domain for Oxagon - NEOM's $9.3B industrial city on Red Sea. World's largest floating industrial complex with AI and robotics focus. Perfect for manufacturing, logistics, and industrial tech ventures.
oxagonservice.com;10000;Oxagon, industrial, NEOM, manufacturing, tech;Specialized geo-domain for Oxagon - NEOM's $9.3B industrial city on Red Sea. World's largest floating industrial complex with AI and robotics focus. Perfect for manufacturing, logistics, and industrial tech ventures.
oxagonservices.com;10000;Oxagon, industrial, NEOM, manufacturing, tech;Specialized geo-domain for Oxagon - NEOM's $9.3B industrial city on Red Sea. World's largest floating industrial complex with AI and robotics focus. Perfect for manufacturing, logistics, and industrial tech ventures.
oxagontourism.com;13000;Oxagon, industrial, NEOM, manufacturing, tech;Specialized geo-domain for Oxagon - NEOM's $9.3B industrial city on Red Sea. World's largest floating industrial complex with AI and robotics focus. Perfect for manufacturing, logistics, and industrial tech ventures.
oxagonventures.com;12000;Oxagon, industrial, NEOM, manufacturing, tech;Specialized geo-domain for Oxagon - NEOM's $9.3B industrial city on Red Sea. World's largest floating industrial complex with AI and robotics focus. Perfect for manufacturing, logistics, and industrial tech ventures.
pakistanepay.com;3000;payment, fintech, digital, e-commerce, financial;Generic payment processing domain with strong commercial appeal. Perfect for fintech startups, payment gateways, and digital commerce platforms. High search volume potential.
qatarepay.com;5000;payment, fintech, digital, e-commerce, financial;Generic payment processing domain with strong commercial appeal. Perfect for fintech startups, payment gateways, and digital commerce platforms. High search volume potential.
rentcarparis.com;1500;brandable, business, commercial, versatile, digital;Generic commercial domain with moderate brandability. Suitable for various business applications. Decent potential for digital marketing and online presence.
rentinneom.com;18000;NEOM, smart-city, Saudi, futuristic, megaproject;Premium geo-domain for NEOM ($500B Saudi megacity on Red Sea coast). Strong investment appeal with Oxagon industrial hub ($9.3B contracts), The Line linear city, and Vision 2030 alignment. Excellent brandability for tech/real estate ventures.
russiaepay.com;5000;payment, fintech, digital, e-commerce, financial;Generic payment processing domain with strong commercial appeal. Perfect for fintech startups, payment gateways, and digital commerce platforms. High search volume potential.
saasconsultai.com;999;AI, consulting, artificial-intelligence, automation, tech;High-value AI domain for consulting services. Trending sector with massive growth potential. Perfect for AI consultancies, machine learning platforms, and automated trading systems.
saasconsultingai.com;999;AI, consulting, artificial-intelligence, automation, tech;High-value AI domain for consulting services. Trending sector with massive growth potential. Perfect for AI consultancies, machine learning platforms, and automated trading systems.
saascourtyard.com;2000;brandable, business, commercial, versatile, digital;Generic commercial domain with moderate brandability. Suitable for various business applications. Decent potential for digital marketing and online presence.
saaspatio.com;2000;brandable, business, commercial, versatile, digital;Generic commercial domain with moderate brandability. Suitable for various business applications. Decent potential for digital marketing and online presence.
saudiarabia-investment.com;5000;investment, finance, capital, fund, wealth;High-value finance domain with institutional appeal. Perfect for investment firms, capital management, and wealth advisory services. Strong trust factor for financial services.
saudiarabiaepay.com;5000;payment, fintech, digital, e-commerce, financial;Generic payment processing domain with strong commercial appeal. Perfect for fintech startups, payment gateways, and digital commerce platforms. High search volume potential.
sedra.pro;2000;brandable, business, commercial, versatile, digital;Generic commercial domain with moderate brandability. Suitable for various business applications. Decent potential for digital marketing and online presence.
sindalah.io;6100;brandable, business, commercial, versatile, digital;Generic commercial domain with moderate brandability. Suitable for various business applications. Decent potential for digital marketing and online presence.
songdo-dong.com;3500;brandable, business, commercial, versatile, digital;Generic commercial domain with moderate brandability. Suitable for various business applications. Decent potential for digital marketing and online presence.
songdodong.xyz;1500;alternative-TLD, niche, specific, targeted, affordable;Alternative TLD domain with niche appeal. Cost-effective option for specific use cases. Good for targeted marketing campaigns and specialized projects.
spainepay.com;5000;payment, fintech, digital, e-commerce, financial;Generic payment processing domain with strong commercial appeal. Perfect for fintech startups, payment gateways, and digital commerce platforms. High search volume potential.
synthtalks.com;140;brandable, business, commercial, versatile, digital;Generic commercial domain with moderate brandability. Suitable for various business applications. Decent potential for digital marketing and online presence.
talesbyai.com;;brandable, business, commercial, versatile, digital;Generic commercial domain with moderate brandability. Suitable for various business applications. Decent potential for digital marketing and online presence.
telosa.pro;3500;Telosa, smart-city, sustainable, desert, innovation;Exclusive geo-domain for planned $400B Telosa smart city in Nevada/Utah/Arizona. Marc Lore's utopian project targeting 5M residents. High-value for PropTech, sustainability, and urban planning ventures.
telosagpt.com;4400;Telosa, smart-city, sustainable, desert, innovation;Exclusive geo-domain for planned $400B Telosa smart city in Nevada/Utah/Arizona. Marc Lore's utopian project targeting 5M residents. High-value for PropTech, sustainability, and urban planning ventures.
telosahr.com;2500;Telosa, smart-city, sustainable, desert, innovation;Exclusive geo-domain for planned $400B Telosa smart city in Nevada/Utah/Arizona. Marc Lore's utopian project targeting 5M residents. High-value for PropTech, sustainability, and urban planning ventures.
telosahub.com;2700;Telosa, smart-city, sustainable, desert, innovation;Exclusive geo-domain for planned $400B Telosa smart city in Nevada/Utah/Arizona. Marc Lore's utopian project targeting 5M residents. High-value for PropTech, sustainability, and urban planning ventures.
telosaly.com;1200;Telosa, smart-city, sustainable, desert, innovation;Exclusive geo-domain for planned $400B Telosa smart city in Nevada/Utah/Arizona. Marc Lore's utopian project targeting 5M residents. High-value for PropTech, sustainability, and urban planning ventures.
telosametro.com;1000;Telosa, smart-city, sustainable, desert, innovation;Exclusive geo-domain for planned $400B Telosa smart city in Nevada/Utah/Arizona. Marc Lore's utopian project targeting 5M residents. High-value for PropTech, sustainability, and urban planning ventures.
telosarent.com;2500;Telosa, smart-city, sustainable, desert, innovation;Exclusive geo-domain for planned $400B Telosa smart city in Nevada/Utah/Arizona. Marc Lore's utopian project targeting 5M residents. High-value for PropTech, sustainability, and urban planning ventures.
telosax.com;1200;Telosa, smart-city, sustainable, desert, innovation;Exclusive geo-domain for planned $400B Telosa smart city in Nevada/Utah/Arizona. Marc Lore's utopian project targeting 5M residents. High-value for PropTech, sustainability, and urban planning ventures.
tradingconsultai.com;999;AI, consulting, artificial-intelligence, automation, tech;High-value AI domain for consulting services. Trending sector with massive growth potential. Perfect for AI consultancies, machine learning platforms, and automated trading systems.
trojena.pro;4100;brandable, business, commercial, versatile, digital;Generic commercial domain with moderate brandability. Suitable for various business applications. Decent potential for digital marketing and online presence.
trojena.today;1500;alternative-TLD, niche, specific, targeted, affordable;Alternative TLD domain with niche appeal. Cost-effective option for specific use cases. Good for targeted marketing campaigns and specialized projects.
uaeepay.com;5000;payment, fintech, digital, e-commerce, financial;Generic payment processing domain with strong commercial appeal. Perfect for fintech startups, payment gateways, and digital commerce platforms. High search volume potential.
unitsaas.com;1200;brandable, business, commercial, versatile, digital;Generic commercial domain with moderate brandability. Suitable for various business applications. Decent potential for digital marketing and online presence.
vcodely.com;;coding, programming, development, software, tech;Developer-focused domain with strong tech appeal. Perfect for coding bootcamps, software development agencies, and programming platforms. High search volume in growing tech education market.
xiongannewarea.xyz;500;alternative-TLD, niche, specific, targeted, affordable;Alternative TLD domain with niche appeal. Cost-effective option for specific use cases. Good for targeted marketing campaigns and specialized projects.
xvoicely.com;1500;brandable, business, commercial, versatile, digital;Generic commercial domain with moderate brandability. Suitable for various business applications. Decent potential for digital marketing and online presence.
